app_id,game_name,price,rating_percent,popularity,playtime_hours,cluster_id
812140,Assassin's Creed® Odyssey,49.99,89.7,71830,124.51,3
899440,GOD EATER 3,39.99,83.86,3141,51.68,1
758190,Dragon Cliff,7.19,89.76,3447,157.33,1
341800,Keep Talking and Nobody Explodes,10.99,97.84,6009,13.14,1
779340,Total War: THREE KINGDOMS,0.0,86.84,52494,201.59,0
611760,Don't Escape: 4 Days in a Wasteland,10.99,98.39,684,16.07,1
382310,Eco,23.79,84.18,3925,172.15,1
250320,The Wolf Among Us,11.99,98.15,16066,14.61,1
239140,Dying Light,24.99,95.45,163013,83.51,3
688130,Pogostuck: Rage With Your Friends,5.99,84.29,1865,38.21,1
359550,Tom Clancy's Rainbow Six® Siege,16.99,88.93,675521,503.22,3
863550,HITMAN™ 2,44.99,91.38,38500,71.19,3
1144400,Senren＊Banka,0.0,99.44,3725,60.73,0
288160,The Room,3.99,98.0,10928,5.15,0
424840,Little Nightmares,15.99,93.53,14767,10.57,1
294100,RimWorld,27.79,98.58,69480,438.41,3
105600,Terraria,6.99,97.95,547856,289.69,3
219740,Don't Starve,0.0,97.01,66502,93.45,0
671440,Rise of Industry,19.99,81.08,1808,34.82,1
268910,Cuphead,14.99,96.47,51350,28.47,3
322110,20XX,10.99,93.37,2082,39.86,1
447530,VA-11 Hall-A: Cyberpunk Bartender Action,10.99,98.24,14927,21.89,1
620980,Beat Saber,15.49,96.82,35757,77.92,3
1291340,Townscaper,0.0,98.93,5682,8.27,0
704850,Thief Simulator,15.49,85.6,7271,23.76,1
7510,X-Blades,6.99,65.48,1819,9.16,1
250760,Shovel Knight: Treasure Trove,18.99,97.37,8677,37.84,1
393520,Iconoclasts,17.49,90.51,1412,19.28,1
681660,Bless Online,0.0,37.38,6148,115.78,2
589360,Ni no Kuni™ II: Revenant Kingdom,49.99,88.83,4477,59.87,1
632350,Cyberdimension Neptunia: 4 Goddesses Online | 四女神オンライン CYBER DIMENSION NEPTUNE | 四女神ONLINE 幻次元遊戲戰機少女,30.99,89.33,2568,40.07,1
445220,Avorion,13.59,93.06,4971,210.09,1
1289310,Helltaker,0.0,98.2,66529,4.54,0
70,Half-Life,7.19,96.77,45239,39.85,0
312530,Duck Game,9.99,96.36,21483,76.09,3
39210,FINAL FANTASY XIV Online,9.99,89.38,21952,1331.49,3
374320,DARK SOULS™ III,39.99,94.57,180388,174.38,3
535930,Two Point Hospital,24.99,93.01,16364,66.5,1
289070,Sid Meier’s Civilization® VI,49.99,86.29,112796,302.45,3
0,000,0.0,5.97,67,110.2,2
585420,Trailmakers,19.49,90.37,4570,76.24,1
1118200,People Playground,0.0,98.87,22251,89.69,0
454200,Neon Hardcorps,0.79,47.68,151,3.24,2
253230,A Hat in Time,22.99,98.4,24949,44.73,1
268500,XCOM® 2,34.99,88.55,40780,200.35,3
242760,The Forest,15.49,94.75,182373,59.45,3
460930,Tom Clancy's Ghost Recon® Wildlands,41.99,78.39,37134,103.68,3
1017900,Age of Empires: Definitive Edition,0.0,85.13,4527,50.91,0
8930,Sid Meier's Civilization® V,19.99,96.54,136578,398.9,3
219150,Hotline Miami,6.99,97.53,42961,15.0,0
620590,Ancestors Legacy,27.79,81.62,3488,28.72,1
569860,Thimbleweed Park™,14.99,96.04,1690,19.47,1
1158310,Crusader Kings III,0.0,95.37,35786,103.48,0
240720,Getting Over It with Bennett Foddy,5.79,81.83,24344,23.15,0
239030,"Papers, Please",6.99,96.84,28570,14.73,0
1190460,DEATH STRANDING,0.0,95.03,34579,52.08,0
644930,They Are Billions,19.49,88.03,22040,148.96,3
1145360,Hades,0.0,99.11,93949,54.32,0
728880,Overcooked! 2,19.99,90.4,20717,36.11,1
677160,We Were Here Too,7.19,81.08,2637,5.07,1
397540,Borderlands 3,0.0,86.61,52100,89.0,0
40800,Super Meat Boy,0.0,94.95,20977,19.26,0
205100,Dishonored,7.99,97.51,39902,41.34,0
433340,Slime Rancher,14.99,97.81,44572,49.98,3
413150,Stardew Valley,10.99,97.88,253900,140.06,3
2870,X Rebirth,24.99,39.21,3716,121.66,2
218620,PAYDAY 2,7.49,89.21,374963,170.52,3
2, and 3.  The story was important to me,0.0,3.64,55,137.17,2
637670,Secret of Mana,29.99,74.18,705,25.21,1
427290,Vampyr,44.99,77.14,7428,28.44,1
730310,DYNASTY WARRIORS 9 真・三國無双８,0.0,27.32,5494,43.11,2
48700,Mount & Blade: Warband,14.99,97.78,97315,365.56,3
609320,FAR: Lone Sails,11.39,94.88,5257,5.57,1
275850,No Man's Sky,39.99,70.82,119852,99.44,3
357190,ULTIMATE MARVEL VS. CAPCOM 3,19.99,90.67,2015,54.65,1
572410,Steel Division: Normandy 44,34.99,74.9,3139,89.77,1
385560,Shadow Complex Remastered,10.99,83.75,400,11.25,1
646910,The Crew™ 2,49.99,80.23,28441,90.61,3
817130,WWE 2K19,39.99,72.18,2110,153.53,1
690830,Foundation,26.99,88.08,4741,54.88,1
466560,Northgard,23.79,89.49,23671,86.59,3
723390,Hunt Down The Freeman,7.19,38.06,1177,7.57,2
594570,Total War: WARHAMMER II,39.99,94.78,68084,512.2,3
481510,Night in the Woods,14.99,95.7,6769,24.04,1
537800,Bomber Crew,14.99,90.15,5074,25.49,1
323190,Frostpunk,24.99,91.79,42083,51.14,3
489940,BATTALION 1944,15.99,64.33,11859,60.47,1
782330,DOOM Eternal,0.0,92.13,78847,41.86,0
606280,Darksiders III,44.99,77.02,5902,29.05,1
107410,Arma 3,29.99,91.01,143030,769.18,3
322330,Don't Starve Together,10.99,96.39,193655,163.55,3
292730,Call of Duty®: Infinite Warfare,39.99,47.96,13302,60.91,1
629760,MORDHAU,0.0,85.33,63661,169.27,0
621060,PC Building Simulator,14.99,94.95,22660,43.78,1
578080,PLAYERUNKNOWN'S BATTLEGROUNDS,26.99,54.39,1358192,614.47,3
760060,Mutant Year Zero: Road to Eden,29.99,93.78,11314,27.02,1
548430,Deep Rock Galactic,24.99,97.22,53546,123.12,3
582660,Black Desert Online,7.99,78.73,26733,908.17,3
35140,Batman: Arkham Asylum Game of the Year Edition,14.99,96.46,22105,22.35,1
517630,Just Cause 4,44.99,61.7,12567,39.44,1
379720,DOOM,14.99,95.78,101716,34.86,3
552520,Far Cry® 5,49.99,80.21,61985,58.39,3
258180,Deus Ex: The Fall,7.99,30.99,1965,6.99,2
701160,Kingdom Two Crowns,15.49,91.49,5003,45.04,1
221640,Super Hexagon,1.99,97.16,15915,15.99,0
274190,Broforce,11.99,97.28,29542,29.08,1
590380,Into the Breach,11.39,95.82,7492,42.35,1
743450,Monster Prom,9.29,94.48,5903,21.81,1
204360,Castle Crashers®,9.99,96.08,58485,29.96,0
552500,Warhammer: Vermintide 2,23.79,82.37,45479,165.54,3
311690,Enter the Gungeon,10.99,96.74,41831,104.09,3
748490,The Legend of Heroes: Trails of Cold Steel II,29.99,97.59,1037,92.8,1
270880,American Truck Simulator,14.99,96.5,57071,210.75,3
47890,The Sims™ 3,24.99,86.17,17774,243.04,3
524220,NieR:Automata™,29.99,86.72,52726,51.3,3
825630,STEINS;GATE 0,27.79,97.55,1920,38.68,1
503940,Railway Empire,39.99,85.86,3924,131.8,1
648350,Jurassic World Evolution,34.99,87.79,27237,64.37,3
405710,Staxel,14.99,81.71,2176,50.7,1
581320,Insurgency: Sandstorm,25.99,85.64,48484,99.53,3
640820,Pathfinder: Kingmaker,34.99,84.24,11714,182.73,3
1015500,WWE 2K20,0.0,41.06,2630,64.66,2
582010,MONSTER HUNTER: WORLD,49.99,85.32,226538,363.6,3
238460,BattleBlock Theater®,10.99,97.3,44731,22.82,0
272270,Torment: Tides of Numenera,34.99,73.65,1503,38.48,1
555220,Detention,8.99,96.22,5638,6.28,1
413420,Danganronpa 2: Goodbye Despair,14.99,97.76,9837,49.65,1
570940,DARK SOULS™: REMASTERED,34.99,87.96,26986,74.29,3
519860,DUSK,15.0,98.71,7599,17.23,1
281990,Stellaris,34.99,89.6,66733,356.76,3
504230,Celeste,14.99,98.04,22399,45.9,1
613830,CHRONO TRIGGER®,11.99,88.95,2362,28.77,1
883710,RESIDENT EVIL 2 / BIOHAZARD RE:2,44.99,97.79,63637,39.15,3
346110,ARK: Survival Evolved,44.99,80.86,304314,641.14,3
213670,South Park™: The Stick of Truth™,25.99,97.76,32187,26.04,1
594650,Hunt Showdown,25.99,83.04,55958,247.89,3
252490,Rust,27.79,86.42,437205,702.42,3
418370,RESIDENT EVIL 7 biohazard / BIOHAZARD 7 resident evil,19.99,94.34,25015,27.48,1
543460,Dead Rising 4,19.99,53.67,2860,18.98,2
613100,House Flipper,15.49,92.44,27791,59.26,3
381210,Dead by Daylight,14.99,84.66,326716,369.62,3
420,Half-Life 2: Episode Two,5.79,96.9,18138,15.64,0
339800,HuniePop,6.99,96.43,17502,39.04,0
857980,Void Bastards,0.0,90.59,2232,16.29,0
595520,FINAL FANTASY XII THE ZODIAC AGE,34.99,90.86,2570,77.34,1
583950,Artifact,15.99,47.21,16053,65.18,2
823130,Totally Accurate Battlegrounds,3.99,84.0,26420,17.05,0
420530,OneShot,6.99,98.58,11651,14.21,0
531510,Just Shapes & Beats,15.49,98.4,7044,30.91,1
447820,Day of Infamy,11.39,82.99,14695,75.4,1
1240210,There Is No Game: Wrong Dimension,0.0,98.69,6274,7.51,0
233860,Kenshi,22.99,95.51,28043,203.85,3
588650,Dead Cells,21.99,97.41,48876,64.67,3
648800,Raft,14.99,92.39,78472,40.18,3
291860,Pit People®,15.49,94.89,4733,36.83,1
644560,Mirror,1.69,97.47,47959,16.8,0
428690,Youtubers Life,19.99,77.09,9284,29.01,1
1170880,Grimm's Hollow,0.0,98.57,3979,3.77,0
221380,Age of Empires II HD,14.99,96.2,69969,183.88,3
686600,Rapture Rejects,15.49,42.25,1039,5.85,2
476600,Call of Duty®: WWII,44.99,66.23,18447,15.77,1
788260,Rules Of Survival,0.0,62.68,3869,143.95,2
236510,Takedown: Red Sabre,3.99,40.4,3730,6.07,2
508440,Totally Accurate Battle Simulator,11.39,98.2,43419,69.39,3
739630,Phasmophobia,0.0,97.71,179836,37.27,0
753420,Dungreed,7.19,92.26,3835,54.17,1
841370,NBA 2K19,39.99,39.85,18420,282.68,3
285190,"Warhammer 40,000: Dawn of War III",29.99,49.35,10310,40.62,1
271590,Grand Theft Auto V,24.99,82.89,818978,335.88,3
619080,SOS,0.0,26.81,5342,16.27,2
1089980,The Henry Stickmin Collection,0.0,99.06,15956,12.22,0
269950,X-Plane 11,54.99,92.26,7832,337.54,3
527230,For The King,15.49,90.08,12769,43.77,1
236850,Europa Universalis IV,34.99,89.07,66155,855.95,3
431960,Wallpaper Engine,2.79,98.27,249712,101.93,3
394360,Hearts of Iron IV,34.99,92.96,92904,558.79,3
518790,theHunter: Call of the Wild™,19.99,86.43,51108,99.01,3
356190,Middle-earth™: Shadow of War™,34.99,88.39,38983,70.26,3
8870,BioShock Infinite,19.99,96.05,75864,25.38,3
312660,Sniper Elite 4,39.99,90.18,21683,79.65,3
334040,Down To One,0.79,36.95,1410,2.82,2
636480,Ravenfield,10.99,96.71,24858,92.59,3
945360,Among Us,3.99,95.65,395236,43.16,0
477160,Human: Fall Flat,11.99,94.29,100473,34.28,3
960090,Bloons TD 6,6.99,96.99,50231,79.22,3
240,Counter-Strike: Source,7.19,96.26,99791,456.56,3
524580,Fairy Fencer F Advent Dark Force | フェアリーフェンサー エフ ADVENT DARK FORCE | 妖精劍士 F ADVENT DARK FORCE,23.79,83.89,1248,52.51,1
546560,Half-Life: Alyx,0.0,99.05,36789,23.43,0
1222700,A Way Out,0.0,89.62,8543,7.49,0
510510,WWE 2K17,39.99,63.86,938,94.55,1
485510,Nioh: Complete Edition / 仁王 Complete Edition,39.99,81.26,17213,98.82,3
225540,Just Cause™ 3,11.99,81.23,58899,50.64,3
698780,Doki Doki Literature Club!,0.0,96.78,103514,20.29,0
501080,Fishing: Barents Sea,17.99,78.65,1185,62.01,1
513710,SCUM,15.49,71.24,32885,184.08,3
673950,Farm Together,15.49,94.46,9450,183.96,3
677120,Heroes of Hammerwatch,9.29,90.2,3846,88.18,1
546050,Puyo Puyo™Tetris®,14.99,85.59,3108,108.45,1
252950,Rocket League®,14.99,90.74,402620,543.32,3
787480,Phoenix Wright: Ace Attorney Trilogy / 逆転裁判123 成歩堂セレクション,29.99,98.26,6770,48.23,1
646570,Slay the Spire,19.49,98.28,68935,167.18,3
512900,Streets of Rogue,10.99,96.61,9375,59.34,1
200900,Cave Story+,10.99,95.53,4210,19.36,1
55230,Saints Row: The Third,6.99,96.12,44793,52.59,0
541210,Cold Waters,29.99,87.54,1717,94.94,1
731490,Crash Bandicoot™ N. Sane Trilogy,34.99,93.87,7507,28.37,1
593600,PixARK,19.49,70.95,5611,113.14,1
457140,Oxygen Not Included,18.99,97.11,46380,222.88,3
275390,Guacamelee! Super Turbo Championship Edition,11.49,92.72,3583,13.83,1
637090,BATTLETECH,34.99,85.04,12945,275.9,3
264200,One Finger Death Punch,3.99,98.31,10411,14.78,0
560130,Pillars of Eternity II: Deadfire,32.99,90.29,7336,119.69,1
571740,Golf It!,5.99,88.71,9469,32.24,1
4000,Garry's Mod,6.99,96.54,527080,536.77,3
212680,FTL: Faster Than Light,6.99,96.69,42023,88.32,3
284160,BeamNG.drive,18.99,96.14,47856,208.45,3
447040,Watch_Dogs® 2,49.99,82.39,34851,53.51,3
626690,Sword Art Online: Fatal Bullet,34.99,81.08,9803,72.98,1
858210,Nova Drift,11.39,98.56,2501,59.3,1
712100,Total War Saga: THRONES OF BRITANNIA,29.99,69.6,6621,80.71,1
1113000,Persona 4 Golden,0.0,97.65,29982,72.5,0
530070,Train Sim World®,44.8,80.36,4500,88.53,1
792990,Identity,23.79,23.0,1187,6.5,2
502800,SENRAN KAGURA ESTIVAL VERSUS,24.99,95.54,2760,47.31,1
255710,Cities: Skylines,22.99,93.61,113205,187.89,3
247240,Volgarr the Viking,6.99,82.24,1267,13.98,1
391220,Rise of the Tomb Raider™,39.99,95.08,67844,33.96,3
502280,BERSERK and the Band of the Hawk,49.99,81.0,900,29.39,1
773951,Freeman: Guerrilla Warfare,11.39,79.4,6584,52.08,1
834910,ATLAS,23.79,46.91,26252,275.3,3
283640,Salt and Sanctuary,13.59,92.46,7630,39.56,1
417290,Ghost of a Tale,19.49,92.59,1794,19.46,1
227300,Euro Truck Simulator 2,14.99,97.61,315189,248.85,3
551730,Toukiden 2,49.99,77.15,687,42.65,1
250900,The Binding of Isaac: Rebirth,10.99,98.3,97719,286.77,3
262060,Darkest Dungeon®,18.99,91.82,59192,103.88,3
772540,Battle Royale Trainer,0.0,55.82,1238,19.1,2
629910,Clicker Heroes 2,23.79,67.35,1326,289.55,1
598330,SimAirport,18.99,80.44,1769,85.48,1
673880,"Warhammer 40,000: Mechanicus",22.99,93.23,4316,32.98,1
264710,Subnautica,19.49,96.31,108843,77.52,3
355790,Styx: Shards of Darkness,34.99,81.89,1850,23.35,1
620,Portal 2,7.19,98.77,185096,37.43,0
32470,STAR WARS™ Empire at War - Gold Pack,15.49,97.42,16626,200.95,3
493340,Planet Coaster,29.99,91.64,31807,128.69,3
671510,DESOLATE,19.99,69.53,3604,20.94,1
337340,Finding Paradise,6.99,98.28,6030,6.47,0
297130,Titan Souls,10.99,83.31,3271,6.88,1
872790,Football Manager 2019,37.99,89.1,9655,648.46,3
574050,DRAGON QUEST HEROES™ II,39.99,71.16,319,43.88,1
400940,Budget Cuts,22.99,80.27,801,8.92,1
526160,The Wild Eight,14.99,72.35,3711,24.11,1
390340,Umbrella Corps™/Biohazard Umbrella Corps™,14.99,28.0,1557,7.05,2
286160,Tabletop Simulator,14.99,96.42,30109,138.89,3
214950,Total War™: ROME II - Emperor Edition,29.99,86.52,43926,373.74,3
238320,Outlast,15.49,96.55,48514,14.76,0
391540,Undertale,6.99,96.59,101107,33.54,0
428550,Momodora: Reverie Under The Moonlight,6.99,95.29,4647,11.46,1
732810,Slipstream,7.19,88.59,631,7.43,1
207610,The Walking Dead,0.0,97.15,36801,21.63,0
637650,FINAL FANTASY XV WINDOWS EDITION,34.99,82.96,21767,69.86,3
206190,Gunpoint,6.0,97.33,7745,8.18,0
696170,SENRAN KAGURA Peach Beach Splash,24.99,78.0,2018,29.08,1
1180380,Stay Out,0.0,49.23,5529,140.48,2
582160,Assassin's Creed® Origins,49.99,86.64,44893,72.55,3
421020,DiRT 4,44.99,78.75,7587,34.15,1
543900,METAL GEAR SURVIVE,34.99,62.74,2018,72.01,1
1056960,Wolfenstein: Youngblood,0.0,46.45,4594,21.6,2
526870,Satisfactory,0.0,97.74,33110,99.22,0
72850,The Elder Scrolls V: Skyrim,9.99,95.17,227180,264.5,3
425580,The Room Two,3.99,98.35,7882,5.64,0
206440,To the Moon,6.99,97.18,33028,6.25,0
367520,Hollow Knight,10.99,97.3,202048,72.83,3
427520,Factorio,21.0,99.03,80198,349.73,3
638970,Yakuza 0,14.99,94.18,21904,64.85,3
736260,Baba Is You,11.39,98.93,8104,22.39,1
495560,Farm Manager 2018,0.0,70.63,1185,56.2,2
753650,Due Process,0.0,87.74,2267,21.89,0
377160,Fallout 4,19.99,81.31,160499,254.22,3
1225330,NBA 2K21,0.0,35.04,13264,125.95,2
489830,The Elder Scrolls V: Skyrim Special Edition,29.99,90.94,112517,167.86,3
304390,FOR HONOR™,12.49,67.92,68414,219.11,3
1229490,ULTRAKILL,0.0,99.67,3962,15.84,0
666140,My Time At Portia,24.99,94.31,21222,101.54,3
247730,Nether: Resurrected,6.99,42.32,12091,31.53,2
583470,The End Is Nigh,10.99,93.48,1227,29.79,1
412830,STEINS;GATE,23.99,97.97,6158,42.83,1
544750,SOULCALIBUR VI,49.99,83.56,5383,106.51,1
429660,Tales of Berseria™,39.99,94.27,7004,65.59,1
332200,Axiom Verge,14.99,95.18,2200,17.95,1
420290,Blackwake,14.99,82.92,15666,28.57,1
787860,Farming Simulator 19,29.99,93.98,30348,374.96,3
352550,Urban Empire,22.99,29.88,1275,15.09,2
3,60GHZ,0.0,0.0,20,184.61,2
631510,Devil May Cry HD Collection,24.99,91.39,1940,38.09,1
306130,The Elder Scrolls® Online,14.99,83.7,68561,494.13,3
1055540,A Short Hike,0.0,99.28,4142,5.33,0
214560,Mark of the Ninja,0.0,97.2,10500,18.5,0
464920,Surviving Mars,26.99,86.69,9202,100.01,1
678950,DRAGON BALL FighterZ,44.99,90.33,26701,143.65,3
814380,Sekiro™: Shadows Die Twice,49.9,95.5,93194,75.06,3
435150,Divinity: Original Sin 2 - Definitive Edition,29.99,97.01,86115,156.36,3
203160,Tomb Raider,14.99,96.93,137545,23.4,3
379430,Kingdom Come: Deliverance,29.99,83.22,45977,99.76,3
113200,The Binding of Isaac,3.99,96.0,37726,79.33,0
1128000,Cube World,0.0,40.97,10262,15.05,2
292030,The Witcher® 3: Wild Hunt,24.99,98.34,371658,142.85,3
577800,NBA 2K18,39.99,29.15,14848,248.55,2
362890,Black Mesa,14.99,96.74,40929,33.89,3
440900,Conan Exiles,33.99,80.33,43854,398.21,3
242920,Banished,14.99,90.97,23024,109.57,3
875210,三国群英传8 Heroes of the Three Kingdoms 8,0.0,59.29,6171,16.1,2
413410,Danganronpa: Trigger Happy Havoc,14.99,97.53,11638,36.81,1
364360,Total War: WARHAMMER,39.99,79.32,30255,181.37,3
683320,GRIS,14.49,97.54,27437,7.38,0
1057090,Ori and the Will of the Wisps,0.0,96.75,39633,24.97,0
282560,RollerCoaster Tycoon World™,10.99,23.42,3057,22.02,2
619290,Out of the Park Baseball 19,15.49,87.25,494,554.13,1
